iteration,query,exec_time_ms,plan_time_ms,total_time_ms,avg_qerror
1,10a,252.385,15.692,268.077,1.8375
1,10b,142.934,5.291,148.225,2.4455
1,10c,6954.507,4.984,6959.491,5.7434
1,11a,56.918,9.847,66.765,18.1154
1,11b,21.388,9.37,30.758,10.5471
1,11c,107.376,9.15,116.526,13.4646
1,11d,93.757,9.011,102.768,6.8438
1,12a,105.205,10.155,115.36,5.6684
1,12b,41.306,10.216,51.522,3.419
1,12c,314.015,10.503,324.518,11.5422
1,13a,605.165,13.747,618.912,5.1741
1,13b,276.346,15.991,292.337,6.2289
1,13c,92.007,16.046,108.053,2.7704
1,13d,929.372,13.643,943.015,5.0759
1,14a,243.458,9.831,253.289,21.3898
1,14b,112.437,9.875,122.312,4.1078
1,14c,413.89,9.487,423.377,25.1027
1,15a,155.001,22.039,177.04,3.0283
1,15b,20.142,22.548,42.69,3.5767
1,15c,607.482,22.025,629.507,3.6553
1,15d,308.574,20.472,329.046,5.8831
1,16a,155.081,9.353,164.434,8.5075
1,16b,10000.762,8.677,10009.439,37.073
1,16c,880.116,9.103,889.219,24.3997
1,16d,721.151,9.62,730.771,10.2368
1,17a,7042.588,5.352,7047.94,35.9395
1,17b,5382.738,5.287,5388.025,31.2046
1,17c,15683.203,5.318,15688.521,7.1942
1,17d,5321.608,5.025,5326.633,54.1499
1,17e,7075.057,5.169,7080.226,35.6406
1,17f,16276.963,5.302,16282.265,7.4067
1,18a,2527.873,5.889,2533.762,5.563
1,18b,112.912,6.92,119.832,5.9781
1,18c,3266.593,6.39,3272.983,7.5543
1,19a,132.585,43.544,176.129,9.8205
1,19b,58.191,41.075,99.266,8.4129
1,19c,1000.124,43.405,1043.529,11.3543
1,19d,3089.023,40.779,3129.802,6.129
1,1a,43.832,2.464,46.296,1.5607
1,1b,38.758,2.176,40.934,7.9545
1,1c,41.306,2.15,43.456,1.9086
1,1d,38.761,2.068,40.829,8.4569
1,20a,2001.563,24.593,2026.156,15.5797
1,20b,1571.502,25.098,1596.6,14.2331
1,20c,863.203,24.139,887.342,19.8577
1,21a,55.946,22.332,78.278,23.3651
1,21b,38.011,21.248,59.259,16.1667
1,21c,39.15,22.117,61.267,22.9058
1,22a,301.514,59.172,360.686,29.7569
1,22b,257.234,59.645,316.879,3.7886
1,22c,909.424,61.163,970.587,50.9815
1,22d,561.837,59.144,620.981,48.4399
1,23a,194.459,54.034,248.493,5.0458
1,23b,42.089,52.71,94.799,5.5679
1,23c,188.906,52.945,241.851,1.9236
1,24a,306.57,519.313,825.883,21.3734
1,24b,17.253,560.262,577.515,4.2373
1,25a,1484.191,19.203,1503.394,45.904
1,25b,192.02,20.251,212.271,6.2503
1,25c,5253.191,20.581,5273.772,60.3968
1,26a,12004.874,460.437,12465.311,17.0993
1,26b,151.573,440.426,591.999,11.7425
1,26c,1095.888,435.159,1531.047,12.2682
1,27a,13.757,491.957,505.714,3.3333
1,27b,6.505,490.253,496.758,4.1487
1,27c,17.941,494.8,512.741,3.087
1,28a,854.267,688.804,1543.071,71.1659
1,28b,445.812,682.291,1128.103,58.8041
1,28c,895.891,697.503,1593.394,53.0267
1,29a,56.558,1007.467,1064.025,7.7208
1,29b,11.506,993.833,1005.339,3.3953
1,29c,716.496,939.785,1656.281,68.8643
1,2a,308.031,1.966,309.997,31.5217
1,2b,168.379,2.24,170.619,1.6331
1,2c,165.673,2.256,167.929,23.5385
1,2d,278.089,2.261,280.35,10.2909
1,30a,3664.378,501.968,4166.346,37.7648
1,30b,246.183,563.67,809.853,8.7455
1,30c,2140.576,493.51,2634.086,53.9099
1,31a,678.687,69.539,748.226,34.2144
1,31b,247.541,71.237,318.778,12.5577
1,31c,679.023,70.648,749.671,39.3635
1,32a,8.569,2.692,11.261,9.5469
1,32b,103.905,2.303,106.208,116.2144
1,33a,23.231,551.946,575.177,3.5952
1,33b,14.146,526.336,540.482,2.6411
1,33c,35.694,557.531,593.225,5.4494
1,3a,129.469,1.668,131.137,2.6384
1,3b,85.841,1.707,87.548,2.5172
1,3c,201.926,1.891,203.817,3.622
1,4a,91.099,2.335,93.434,6.7148
1,4b,33.364,2.233,35.597,2.4564
1,4c,1112.507,2.172,1114.679,11.0068
1,5a,67.537,2.745,70.282,7.8224
1,5b,63.661,2.492,66.153,1.5855
1,5c,95.181,2.536,97.717,3.4904
1,6a,21.349,2.258,23.607,3.1455
1,6b,173.543,2.26,175.803,8.4287
1,6c,6.748,2.356,9.104,2.8304
1,6d,4072.411,2.102,4074.513,6.0894
1,6e,15.269,2.448,17.717,1.5713
1,6f,4129.886,2.03,4131.916,9.813
1,7a,582.649,10.67,593.319,3.3748
1,7b,166.982,10.116,177.098,3.1781
1,7c,1624.461,10.832,1635.293,22.6442
1,8a,833.881,6.418,840.299,16.8655
1,8b,85.814,7.177,92.991,6.0526
1,8c,1930.663,4.794,1935.457,1.3087
1,8d,691.135,5.371,696.506,2.4108
1,9a,133.296,13.034,146.33,9.0921
1,9b,128.009,12.071,140.08,8.9157
1,9c,221.693,11.529,233.222,2.7243
1,9d,1930.576,11.066,1941.642,3.545
2,10a,243.828,5.444,249.272,1.268
2,10b,142.567,5.222,147.789,1.1267
2,10c,6990.507,4.962,6995.469,1.2058
2,11a,41.519,10.107,51.626,2.4879
2,11b,17.473,9.331,26.804,1.9592
2,11c,1269.02,9.219,1278.239,8.3869
2,11d,43.543,8.627,52.17,5.2076
2,12a,135.265,10.343,145.608,1.9819
2,12b,40.034,9.825,49.859,2.0534
2,12c,420.869,10.73,431.599,2.3094
2,13a,304.283,14.062,318.345,2.6496
2,13b,145.69,16.072,161.762,2.4067
2,13c,112.801,15.696,128.497,2.2274
2,13d,1799.174,13.928,1813.102,2.5104
2,14a,392.37,9.933,402.303,4.6209
2,14b,113.204,9.954,123.158,1.4032
2,14c,718.283,9.901,728.184,4.6789
2,15a,159.468,21.71,181.178,1.6335
2,15b,20.038,22.875,42.913,1.3368
2,15c,599.371,21.424,620.795,1.7024
2,15d,843.343,20.421,863.764,1.967
2,16a,154.848,9.524,164.372,1.4738
2,16b,12258.315,8.832,12267.147,6.9413
2,16c,8539.337,9.42,8548.757,6.5981
2,16d,1006.159,9.693,1015.852,4.9781
2,17a,6764.965,5.349,6770.314,5.7103
2,17b,4624.176,5.331,4629.507,2.7693
2,17c,4483.415,5.381,4488.796,2.0578
2,17d,4521.545,5.364,4526.909,1.3659
2,17e,8392.432,5.208,8397.64,5.6658
2,17f,5851.298,5.282,5856.58,3.1521
2,18a,196.028,5.764,201.792,9.4695
2,18b,103.806,6.883,110.689,1.335
2,18c,3871.396,6.362,3877.758,3.3023
2,19a,1093.394,46.256,1139.65,3.3326
2,19b,55.394,41.269,96.663,3.6243
2,19c,774.279,42.562,816.841,3.3736
2,19d,10802.01,40.34,10842.35,2.6541
2,1a,89.64,21.383,111.023,1.1153
2,1b,38.951,2.228,41.179,1.2863
2,1c,40.141,2.305,42.446,1.2532
2,1d,38.942,2.127,41.069,1.2643
2,20a,2065.946,24.563,2090.509,4.3054
2,20b,1418.456,25.277,1443.733,3.7294
2,20c,744.164,24.355,768.519,4.7317
2,21a,45.703,23.005,68.708,3.6216
2,21b,22.912,21.337,44.249,2.8725
2,21c,29.045,22.596,51.641,3.6538
2,22a,1206.001,59.697,1265.698,13.8963
2,22b,746.201,59.163,805.364,3.9752
2,22c,1596.636,60.616,1657.252,9.0938
2,22d,2705.638,60.258,2765.896,9.326
2,23a,154.012,54.835,208.847,2.6136
2,23b,85.057,51.607,136.664,3.5971
2,23c,265.415,52.377,317.792,1.7763
2,24a,143.247,515.343,658.59,3.2949
2,24b,20.649,558.512,579.161,5.067
2,25a,1184.671,19.641,1204.312,7.7818
2,25b,259.831,20.336,280.167,4.2428
2,25c,3619.842,20.559,3640.401,7.4864
2,26a,323.637,458.943,782.58,18.3174
2,26b,97.224,446.189,543.413,3.3927
2,26c,777.766,438.597,1216.363,25.1207
2,27a,11.334,495.903,507.237,2.8858
2,27b,11.3,485.887,497.187,3.2658
2,27c,19.035,505.971,525.006,4.4661
2,28a,636.225,694.996,1331.221,10.7204
2,28b,190.651,677.736,868.387,5.0984
2,28c,6715.093,702.84,7417.933,13.5624
2,29a,35.354,1016.827,1052.181,7.0939
2,29b,12.064,995.607,1007.671,2.4982
2,29c,268.699,940.745,1209.444,14.7101
2,2a,187.309,1.969,189.278,1.8797
2,2b,181.531,2.274,183.805,1.6058
2,2c,13.961,2.102,16.063,5.4305
2,2d,2120.0,1.877,2121.877,25.4542
2,30a,372.095,506.078,878.173,5.3938
2,30b,295.328,566.885,862.213,6.5993
2,30c,2137.117,484.982,2622.099,8.2437
2,31a,113.176,71.217,184.393,6.6133
2,31b,50.281,72.515,122.796,8.2533
2,31c,183.626,70.37,253.996,7.5761
2,32a,80.111,2.705,82.816,2.8446
2,32b,102.031,2.41,104.441,64.3365
2,33a,209.837,548.922,758.759,16.8121
2,33b,27.114,525.853,552.967,2.5842
2,33c,471.717,556.237,1027.954,22.4017
2,3a,129.46,1.877,131.337,1.0383
2,3b,87.459,1.864,89.323,1.0383
2,3c,202.281,1.928,204.209,1.0383
2,4a,87.252,2.349,89.601,1.2275
2,4b,31.826,2.247,34.073,1.1108
2,4c,92.321,2.067,94.388,1.6483
2,5a,66.503,2.651,69.154,1.0188
2,5b,63.165,2.414,65.579,1.0187
2,5c,96.985,2.401,99.386,1.1148
2,6a,22.728,2.199,24.927,1.3486
2,6b,173.001,2.174,175.175,1.2941
2,6c,6.706,2.439,9.145,1.5543
2,6d,7823.167,2.71,7825.877,3.4601
2,6e,15.767,2.413,18.18,1.3676
2,6f,9191.801,2.056,9193.857,3.2564
2,7a,132.917,10.51,143.427,11.4103
2,7b,179.235,9.734,188.969,1.2796
2,7c,4345.604,11.205,4356.809,3.3164
2,8a,569.101,6.369,575.47,5.1863
2,8b,55.443,7.21,62.653,3.7249
2,8c,2118.603,4.833,2123.436,1.1913
2,8d,690.683,5.331,696.014,2.2635
2,9a,159.498,13.289,172.787,1.4708
2,9b,859.223,12.413,871.636,2.144
2,9c,1043.297,43.36,1086.657,2.4515
2,9d,1812.89,11.267,1824.157,1.6506
3,10a,243.94,5.378,249.318,1.1767
3,10b,141.419,5.296,146.715,1.1267
3,10c,6961.837,4.855,6966.692,1.2058
3,11a,40.682,10.064,50.746,1.361
3,11b,17.794,9.568,27.362,1.4439
3,11c,623.153,9.033,632.186,7.059
3,11d,46.092,8.704,54.796,4.6524
3,12a,121.608,10.425,132.033,2.2715
3,12b,39.805,9.775,49.58,1.4095
3,12c,615.056,10.416,625.472,2.356
3,13a,542.498,14.051,556.549,2.894
3,13b,144.681,16.027,160.708,1.2704
3,13c,107.762,15.896,123.658,1.5985
3,13d,3297.239,13.778,3311.017,3.2299
3,14a,252.215,9.927,262.142,3.3034
3,14b,110.25,9.935,120.185,1.2765
3,14c,484.372,9.869,494.241,4.8132
3,15a,159.348,21.567,180.915,1.404
3,15b,19.926,22.773,42.699,1.2039
3,15c,605.135,21.759,626.894,2.0769
3,15d,845.802,20.495,866.297,1.3547
3,16a,159.593,9.856,169.449,1.8292
3,16b,16187.758,8.864,16196.622,9.8696
3,16c,1289.846,9.326,1299.172,4.7863
3,16d,8440.101,9.404,8449.505,7.3947
3,17a,6375.609,5.501,6381.11,9.6849
3,17b,4574.872,5.203,4580.075,1.3411
3,17c,4511.281,5.329,4516.61,1.3628
3,17d,4543.726,5.222,4548.948,1.3661
3,17e,13817.05,5.107,13822.157,9.485
3,17f,10041.106,5.134,10046.24,4.0417
3,18a,2212.276,5.966,2218.242,1.1162
3,18b,106.219,6.983,113.202,1.1232
3,18c,2078.53,6.252,2084.782,2.3604
3,19a,1185.413,46.806,1232.219,2.0124
3,19b,56.227,41.401,97.628,3.5234
3,19c,1221.35,42.766,1264.116,2.4863
3,19d,2801.488,39.494,2840.982,2.6187
3,1a,43.996,2.52,46.516,1.1153
3,1b,38.678,2.182,40.86,1.1413
3,1c,39.623,2.206,41.829,1.08
3,1d,38.828,2.093,40.921,1.1386
3,20a,1861.274,24.431,1885.705,2.5713
3,20b,1388.114,24.661,1412.775,3.6152
3,20c,736.113,24.391,760.504,4.5214
3,21a,40.034,22.386,62.42,2.4296
3,21b,17.792,21.522,39.314,1.5769
3,21c,36.568,22.379,58.947,5.0726
3,22a,1057.056,60.839,1117.895,7.0581
3,22b,208.996,59.946,268.942,2.8057
3,22c,2005.932,61.261,2067.193,19.8547
3,22d,2968.798,60.04,3028.838,22.2406
3,23a,153.247,54.037,207.284,1.7211
3,23b,28.942,52.15,81.092,1.9084
3,23c,443.106,53.84,496.946,1.4542
3,24a,126.192,520.399,646.591,2.2688
3,24b,18.342,571.651,589.993,2.9535
3,25a,679.814,19.3,699.114,12.8003
3,25b,144.284,20.12,164.404,2.5571
3,25c,1907.663,20.084,1927.747,17.0756
3,26a,3389.778,465.208,3854.986,10.7538
3,26b,82.655,444.866,527.521,2.7379
3,26c,11213.266,434.791,11648.057,12.8925
3,27a,26.95,506.329,533.279,3.0532
3,27b,7.769,501.173,508.942,2.7911
3,27c,11.401,510.053,521.454,2.5166
3,28a,449.633,701.103,1150.736,4.9926
3,28b,756.138,683.83,1439.968,6.9196
3,28c,1824.19,701.238,2525.428,8.9147
3,29a,20.8,1013.119,1033.919,3.2741
3,29b,11.765,1014.058,1025.823,1.5312
3,29c,294.384,945.593,1239.977,12.7932
3,2a,186.532,1.925,188.457,1.5717
3,2b,181.923,2.262,184.185,1.6058
3,2c,14.139,2.24,16.379,1.3077
3,2d,273.89,1.897,275.787,1.6776
3,30a,265.798,519.011,784.809,3.9357
3,30b,584.082,567.39,1151.472,5.49
3,30c,1159.544,496.849,1656.393,8.5762
3,31a,133.311,71.624,204.935,7.9088
3,31b,21.748,72.002,93.75,2.3489
3,31c,141.307,71.346,212.653,8.7798
3,32a,8.714,2.818,11.532,3.4769
3,32b,102.044,2.481,104.525,47.8019
3,33a,9.791,564.902,574.693,1.8148
3,33b,98.423,532.977,631.4,5.9226
3,33c,117.589,556.513,674.102,8.2067
3,3a,126.34,1.824,128.164,1.0383
3,3b,85.152,1.791,86.943,1.0383
3,3c,201.295,1.951,203.246,1.0383
3,4a,88.313,2.33,90.643,1.0321
3,4b,32.106,2.21,34.316,1.1108
3,4c,89.85,2.073,91.923,1.1172
3,5a,66.814,2.517,69.331,1.0188
3,5b,63.392,2.396,65.788,1.0187
3,5c,97.142,2.451,99.593,1.1148
3,6a,23.363,2.188,25.551,1.3629
3,6b,173.876,2.15,176.026,1.3029
3,6c,6.644,2.436,9.08,1.54
3,6d,3171.321,2.144,3173.465,1.4001
3,6e,16.904,2.429,19.333,1.3794
3,6f,3661.182,2.05,3663.232,1.251
3,7a,140.013,10.967,150.98,5.0299
3,7b,177.42,10.044,187.464,1.1998
3,7c,445.391,11.051,456.442,2.0046
3,8a,954.293,6.695,960.988,1.5247
3,8b,55.106,7.18,62.286,1.8428
3,8c,2022.247,4.752,2026.999,1.2478
3,8d,689.06,5.343,694.403,2.1509
3,9a,158.909,13.243,172.152,1.4796
3,9b,156.806,12.167,168.973,1.284
3,9c,222.091,11.524,233.615,1.3328
3,9d,2393.65,11.259,2404.909,2.5085
4,10a,243.631,5.408,249.039,1.1767
4,10b,141.433,5.276,146.709,1.1267
4,10c,7088.169,4.932,7093.101,1.2058
4,11a,33.806,10.061,43.867,1.6866
4,11b,37.231,10.1,47.331,1.24
4,11c,400.543,9.03,409.573,13.6669
4,11d,37.678,9.284,46.962,1.2972
4,12a,107.892,10.437,118.329,1.5781
4,12b,40.53,9.892,50.422,1.3039
4,12c,418.683,10.384,429.067,1.1783
4,13a,327.817,14.575,342.392,1.6898
4,13b,144.866,15.62,160.486,1.2538
4,13c,110.619,15.402,126.021,1.6198
4,13d,2227.9,13.787,2241.687,2.6602
4,14a,928.924,9.912,938.836,4.061
4,14b,113.417,10.278,123.695,1.2765
4,14c,477.131,9.695,486.826,3.4866
4,15a,159.923,22.468,182.391,1.1833
4,15b,19.867,22.721,42.588,1.2048
4,15c,597.216,21.391,618.607,1.3857
4,15d,843.11,20.058,863.168,1.3453
4,16a,156.001,9.863,165.864,1.3528
4,16b,19328.552,8.734,19337.286,6.3173
4,16c,1168.497,8.835,1177.332,2.4497
4,16d,921.146,9.563,930.709,2.5661
4,17a,8221.441,5.259,8226.7,3.2967
4,17b,4573.879,5.241,4579.12,1.3382
4,17c,4492.219,5.267,4497.486,1.3628
4,17d,4522.707,5.433,4528.14,1.3628
4,17e,10148.351,5.158,10153.509,3.2783
4,17f,2395.306,5.261,2400.567,1.4832
4,18a,2208.917,6.01,2214.927,1.1353
4,18b,105.782,6.979,112.761,1.1232
4,18c,3060.42,6.477,3066.897,1.5902
4,19a,932.495,46.503,978.998,3.1862
4,19b,56.396,41.754,98.15,3.201
4,19c,756.671,43.061,799.732,3.1252
4,19d,4159.438,40.227,4199.665,2.8694
4,1a,43.966,2.591,46.557,1.1153
4,1b,38.788,2.311,41.099,1.1413
4,1c,40.215,2.291,42.506,1.08
4,1d,38.415,2.12,40.535,1.1386
4,20a,2054.151,24.92,2079.071,2.2682
4,20b,1379.67,25.552,1405.222,3.4152
4,20c,739.761,24.775,764.536,4.1302
4,21a,35.67,22.84,58.51,2.5246
4,21b,33.769,21.842,55.611,1.2187
4,21c,47.673,22.385,70.058,2.635
4,22a,320.751,59.5,380.251,9.3662
4,22b,754.709,60.829,815.538,2.0482
4,22c,1952.901,62.576,2015.477,26.9123
4,22d,2846.25,59.247,2905.497,10.625
4,23a,148.883,53.711,202.594,2.028
4,23b,64.178,52.198,116.376,1.5262
4,23c,264.951,53.088,318.039,2.2403
4,24a,127.481,518.227,645.708,1.7898
4,24b,17.82,571.432,589.252,2.3755
4,25a,598.663,19.725,618.388,2.3176
4,25b,143.178,20.529,163.707,2.5941
4,25c,2273.225,20.435,2293.66,2.2027
4,26a,753.007,455.78,1208.787,7.5254
4,26b,153.958,450.374,604.332,2.3423
4,26c,1635.155,436.491,2071.646,2.6411
4,27a,14.642,492.75,507.392,2.0605
4,27b,32.519,487.379,519.898,4.7661
4,27c,50.569,510.825,561.394,4.1773
4,28a,293.416,705.862,999.278,3.9141
4,28b,130.044,683.898,813.942,2.9597
4,28c,360.454,699.7,1060.154,3.9118
4,29a,41.89,1012.767,1054.657,5.575
4,29b,22.42,1012.584,1035.004,2.2711
4,29c,649.297,935.343,1584.64,20.0305
4,2a,187.913,2.034,189.947,1.5717
4,2b,180.973,2.305,183.278,1.6058
4,2c,14.322,2.251,16.573,1.3077
4,2d,274.049,1.904,275.953,1.6776
4,30a,185.421,510.384,695.805,2.513
4,30b,177.504,564.684,742.188,1.7125
4,30c,1712.016,492.816,2204.832,9.628
4,31a,203.647,72.256,275.903,4.8322
4,31b,21.605,72.435,94.04,1.7956
4,31c,223.971,70.219,294.19,5.2019
4,32a,8.658,2.641,11.299,4.6523
4,32b,101.221,2.301,103.522,36.8444
4,33a,320.585,549.895,870.48,9.9162
4,33b,85.809,536.993,622.802,4.3426
4,33c,35.539,557.763,593.302,1.8186
4,3a,130.599,1.827,132.426,1.0383
4,3b,85.385,1.845,87.23,1.0383
4,3c,201.444,1.869,203.313,1.0383
4,4a,87.882,2.419,90.301,1.0321
4,4b,31.857,2.196,34.053,1.1108
4,4c,89.171,2.065,91.236,1.0471
4,5a,67.364,2.526,69.89,1.0188
4,5b,63.365,2.453,65.818,1.0187
4,5c,96.983,2.476,99.459,1.1148
4,6a,23.457,2.195,25.652,1.3742
4,6b,173.21,2.164,175.374,1.3188
4,6c,6.511,2.37,8.881,1.5278
4,6d,3190.978,2.543,3193.521,1.3921
4,6e,17.038,2.351,19.389,1.3886
4,6f,3682.597,2.057,3684.654,1.251
4,7a,129.215,10.991,140.206,2.052
4,7b,177.466,9.29,186.756,1.0617
4,7c,6682.377,10.905,6693.282,1.2604
4,8a,937.853,6.591,944.444,1.1445
4,8b,55.256,7.407,62.663,1.7205
4,8c,1925.04,4.862,1929.902,1.3065
4,8d,693.116,5.161,698.277,2.0637
4,9a,158.552,13.388,171.94,1.1515
4,9b,153.952,12.259,166.211,1.2443
4,9c,220.744,11.201,231.945,1.1409
4,9d,1603.306,11.061,1614.367,1.3217
5,10a,243.531,5.528,249.059,1.1767
5,10b,141.601,5.171,146.772,1.1267
5,10c,6964.824,4.942,6969.766,1.2058
5,11a,33.934,10.156,44.09,1.1476
5,11b,37.217,9.554,46.771,1.24
5,11c,37.046,9.198,46.244,1.37
5,11d,623.842,8.883,632.725,12.7351
5,12a,108.637,10.166,118.803,1.11
5,12b,39.776,9.907,49.683,1.0973
5,12c,419.672,10.354,430.026,1.1783
5,13a,340.662,14.253,354.915,1.2565
5,13b,143.824,15.947,159.771,1.2369
5,13c,108.26,16.038,124.298,1.636
5,13d,1631.005,13.593,1644.598,1.6347
5,14a,242.067,9.91,251.977,1.2426
5,14b,110.503,10.177,120.68,1.2765
5,14c,405.514,10.076,415.59,1.2759
5,15a,158.35,21.993,180.343,1.1833
5,15b,19.687,22.45,42.137,1.0759
5,15c,598.176,21.773,619.949,1.1802
5,15d,842.93,20.333,863.263,1.2658
5,16a,157.391,9.626,167.017,1.3576
5,16b,12110.39,9.036,12119.426,4.1733
5,16c,1090.472,9.443,1099.915,2.2353
5,16d,668.756,9.577,678.333,2.3071
5,17a,2321.239,5.559,2326.798,1.559
5,17b,4595.412,5.165,4600.577,1.3382
5,17c,4479.232,5.208,4484.44,1.3628
5,17d,4530.168,5.241,4535.409,1.3628
5,17e,2627.426,5.492,2632.918,1.4797
5,17f,2397.89,5.214,2403.104,1.483
5,18a,2211.769,5.969,2217.738,1.1353
5,18b,104.75,6.793,111.543,1.1232
5,18c,3168.553,6.383,3174.936,1.3574
5,19a,132.941,46.426,179.367,1.6388
5,19b,55.268,41.358,96.626,3.201
5,19c,786.614,43.353,829.967,2.8498
5,19d,4919.046,39.769,4958.815,4.184
5,1a,43.766,2.561,46.327,1.1153
5,1b,38.983,2.179,41.162,1.1413
5,1c,39.943,2.196,42.139,1.08
5,1d,38.858,2.016,40.874,1.1386
5,20a,2252.812,24.7,2277.512,2.4996
5,20b,805.857,25.033,830.89,4.2027
5,20c,788.308,24.791,813.099,3.8801
5,21a,37.661,21.461,59.122,3.8725
5,21b,37.333,21.532,58.865,1.2187
5,21c,241.176,22.076,263.252,4.7119
5,22a,1673.761,59.756,1733.517,14.9356
5,22b,369.535,60.357,429.892,2.1983
5,22c,1162.577,61.705,1224.282,10.0996
5,22d,2816.164,59.881,2876.045,16.9367
5,23a,154.235,53.563,207.798,2.4108
5,23b,29.014,52.835,81.849,2.0976
5,23c,265.765,52.568,318.333,1.8649
5,24a,136.09,517.967,654.057,2.6153
5,24b,18.138,574.904,593.042,1.8629
5,25a,633.33,19.776,653.106,2.3109
5,25b,145.043,20.132,165.175,1.6496
5,25c,1989.315,20.686,2010.001,5.6078
5,26a,1394.591,454.586,1849.177,2.0792
5,26b,125.115,442.773,567.888,3.4206
5,26c,2906.756,446.757,3353.513,3.5387
5,27a,21.453,505.084,526.537,4.0235
5,27b,7.837,487.681,495.518,2.8263
5,27c,46.915,505.391,552.306,2.6983
5,28a,164.943,719.786,884.729,4.7286
5,28b,390.846,680.839,1071.685,3.0042
5,28c,235.707,701.215,936.922,4.6177
5,29a,19.051,1006.677,1025.728,3.9789
5,29b,11.285,991.072,1002.357,1.3282
5,29c,555.558,936.106,1491.664,5.8864
5,2a,185.855,1.861,187.716,1.5717
5,2b,182.774,2.242,185.016,1.6058
5,2c,14.14,2.238,16.378,1.3077
5,2d,276.218,1.917,278.135,1.6776
5,30a,2258.273,504.737,2763.01,6.1191
5,30b,362.184,563.446,925.63,2.8691
5,30c,1220.476,494.099,1714.575,8.7471
5,31a,141.174,71.692,212.866,3.1589
5,31b,124.477,73.36,197.837,6.8329
5,31c,211.028,69.025,280.053,6.169
5,32a,7.919,2.719,10.638,5.8786
5,32b,101.355,2.92,104.275,28.4828
5,33a,11.144,549.876,561.02,2.2126
5,33b,7.413,530.18,537.593,1.9654
5,33c,9.811,557.546,567.357,2.8285
5,3a,130.945,1.723,132.668,1.0383
5,3b,85.573,1.752,87.325,1.0383
5,3c,201.046,1.898,202.944,1.0383
5,4a,87.471,2.436,89.907,1.0321
5,4b,31.716,2.204,33.92,1.1108
5,4c,89.75,2.075,91.825,1.0471
5,5a,67.51,2.583,70.093,1.0188
5,5b,63.853,2.401,66.254,1.0187
5,5c,96.858,2.479,99.337,1.1148
5,6a,23.199,2.118,25.317,1.383
5,6b,173.82,2.17,175.99,1.333
5,6c,6.393,2.31,8.703,1.5204
5,6d,3192.295,2.18,3194.475,1.3777
5,6e,17.109,2.453,19.562,1.3944
5,6f,3653.095,2.041,3655.136,1.251
5,7a,128.251,10.742,138.993,1.3015
5,7b,176.918,9.664,186.582,1.0617
5,7c,622.718,10.959,633.677,3.2466
5,8a,934.775,6.588,941.363,1.1447
5,8b,55.316,7.44,62.756,1.2317
5,8c,2044.486,4.882,2049.368,1.356
5,8d,684.889,5.367,690.256,1.9958
5,9a,159.076,13.003,172.079,1.141
5,9b,154.521,12.5,167.021,1.1242
5,9c,221.499,11.531,233.03,1.1409
5,9d,1525.592,11.267,1536.859,1.386
6,10a,243.847,5.513,249.36,1.1767
6,10b,143.013,5.083,148.096,1.1267
6,10c,6959.678,5.034,6964.712,1.2058
6,11a,34.015,9.931,43.946,1.1496
6,11b,37.802,10.46,48.262,1.24
6,11c,37.314,9.127,46.441,1.2669
6,11d,36.477,9.087,45.564,1.2237
6,12a,107.524,10.36,117.884,1.11
6,12b,39.699,9.982,49.681,1.0973
6,12c,418.409,10.146,428.555,1.1783
6,13a,3284.212,14.233,3298.445,3.2148
6,13b,144.022,16.186,160.208,1.2272
6,13c,107.434,15.269,122.703,1.6514
6,13d,843.177,13.6,856.777,1.202
6,14a,243.879,9.525,253.404,1.2426
6,14b,112.487,9.788,122.275,1.2765
6,14c,404.329,9.826,414.155,1.2759
6,15a,157.701,21.312,179.013,1.1833
6,15b,20.218,22.464,42.682,1.0759
6,15c,598.765,21.452,620.217,1.132
6,15d,844.488,20.55,865.038,1.2164
6,16a,156.146,9.698,165.844,1.3576
6,16b,6583.402,8.682,6592.084,1.4007
6,16c,14751.607,9.521,14761.128,6.1393
6,16d,14659.609,9.721,14669.33,6.5281
6,17a,2326.384,5.442,2331.826,1.5566
6,17b,4578.005,5.257,4583.262,1.3382
6,17c,4481.228,5.173,4486.401,1.3628
6,17d,4555.177,5.19,4560.367,1.3628
6,17e,2628.957,5.261,2634.218,1.5063
6,17f,2392.843,5.28,2398.123,1.483
6,18a,2209.435,5.944,2215.379,1.1353
6,18b,104.846,6.808,111.654,1.1232
6,18c,3050.185,6.328,3056.513,1.1355
6,19a,131.778,45.459,177.237,1.2592
6,19b,55.454,41.806,97.26,2.12
6,19c,790.13,42.692,832.822,1.4867
6,19d,2278.401,39.222,2317.623,1.5828
6,1a,43.565,2.654,46.219,1.1153
6,1b,39.255,2.235,41.49,1.1413
6,1c,40.172,2.339,42.511,1.08
6,1d,38.95,2.129,41.079,1.1386
6,20a,2262.17,24.916,2287.086,2.2899
6,20b,1529.037,25.383,1554.42,1.8684
6,20c,1607.024,25.212,1632.236,3.1094
6,21a,34.339,22.261,56.6,1.1722
6,21b,35.756,21.815,57.571,1.2187
6,21c,31.941,22.262,54.203,1.2177
6,22a,1268.805,60.97,1329.775,3.3851
6,22b,211.009,60.378,271.387,1.2851
6,22c,3103.449,60.606,3164.055,6.8319
6,22d,3983.936,60.222,4044.158,8.3298
6,23a,153.775,51.998,205.773,1.3572
6,23b,29.066,52.131,81.197,1.6339
6,23c,264.117,52.992,317.109,1.269
6,24a,126.05,519.253,645.303,1.2482
6,24b,28.113,576.24,604.353,2.3411
6,25a,589.384,19.735,609.119,1.302
6,25b,143.824,20.616,164.44,1.5063
6,25c,4309.11,20.538,4329.648,4.1673
6,26a,501.428,462.397,963.825,5.8051
6,26b,168.584,444.416,613.0,1.8489
6,26c,1055.318,438.681,1493.999,2.9743
6,27a,13.471,494.181,507.652,1.1978
6,27b,5.022,487.361,492.383,2.3972
6,27c,102.723,508.133,610.856,7.6019
6,28a,406.726,699.346,1106.072,2.0321
6,28b,177.482,681.192,858.674,2.2116
6,28c,309.398,702.341,1011.739,6.7822
6,29a,61.087,1010.225,1071.312,9.39
6,29b,15.821,999.901,1015.722,4.3831
6,29c,202.833,928.249,1131.082,10.0589
6,2a,186.577,1.933,188.51,1.5717
6,2b,181.024,2.185,183.209,1.6058
6,2c,14.141,2.258,16.399,1.3077
6,2d,274.491,1.884,276.375,1.6776
6,30a,785.476,508.984,1294.46,5.356
6,30b,98.299,563.907,662.206,1.4598
6,30c,1408.98,491.687,1900.667,4.4922
6,31a,118.065,71.773,189.838,5.0556
6,31b,46.608,73.653,120.261,4.2474
6,31c,207.254,73.151,280.405,4.1552
6,32a,7.754,2.71,10.464,7.2768
6,32b,105.806,2.865,108.671,24.1562
6,33a,11.048,548.822,559.87,1.0843
6,33b,7.5,528.705,536.205,1.0578
6,33c,8.578,555.896,564.474,1.2013
6,3a,129.401,1.746,131.147,1.0383
6,3b,85.788,1.725,87.513,1.0383
6,3c,200.198,1.823,202.021,1.0383
6,4a,87.111,2.348,89.459,1.0321
6,4b,31.829,2.186,34.015,1.1108
6,4c,88.437,2.042,90.479,1.0471
6,5a,65.939,2.58,68.519,1.0188
6,5b,62.709,2.446,65.155,1.0187
6,5c,97.803,2.476,100.279,1.1148
6,6a,23.184,2.202,25.386,1.3886
6,6b,173.235,2.152,175.387,1.3396
6,6c,6.443,2.451,8.894,1.5146
6,6d,3170.32,2.166,3172.486,1.3711
6,6e,17.039,2.37,19.409,1.4006
6,6f,3681.335,2.046,3683.381,1.251
6,7a,127.977,10.736,138.713,1.3582
6,7b,176.148,9.833,185.981,1.0617
6,7c,3093.719,10.896,3104.615,1.7736
6,8a,938.28,6.591,944.871,1.1447
6,8b,56.121,7.495,63.616,1.2317
6,8c,2061.777,4.733,2066.51,1.3975
6,8d,686.465,5.366,691.831,1.9423
6,9a,158.624,13.151,171.775,1.141
6,9b,153.902,12.125,166.027,1.1423
6,9c,221.53,11.362,232.892,1.1409
6,9d,1850.224,11.294,1861.518,1.3404
7,10a,244.878,5.413,250.291,1.1767
7,10b,141.207,5.094,146.301,1.1267
7,10c,6977.75,4.95,6982.7,1.2058
7,11a,33.415,9.85,43.265,1.1496
7,11b,37.887,9.528,47.415,1.24
7,11c,76.854,9.163,86.017,2.446
7,11d,36.699,8.833,45.532,1.2119
7,12a,106.858,10.338,117.196,1.11
7,12b,38.631,9.792,48.423,1.0973
7,12c,419.499,10.552,430.051,1.1783
7,13a,256.791,14.299,271.09,1.1644
7,13b,143.982,16.131,160.113,1.2177
7,13c,103.664,15.403,119.067,1.6612
7,13d,837.323,13.753,851.076,1.2005
7,14a,243.951,9.759,253.71,1.2426
7,14b,110.654,10.117,120.771,1.2765
7,14c,407.56,9.598,417.158,1.2759
7,15a,161.409,21.874,183.283,1.1833
7,15b,19.844,23.023,42.867,1.0759
7,15c,599.309,21.455,620.764,1.132
7,15d,843.765,20.24,864.005,1.2164
7,16a,155.536,9.557,165.093,1.4141
7,16b,6590.054,8.616,6598.67,1.4239
7,16c,724.9,9.455,734.355,1.3158
7,16d,641.817,9.731,651.548,1.3905
7,17a,2310.512,5.53,2316.042,1.5014
7,17b,4574.171,5.225,4579.396,1.3382
7,17c,4490.425,5.353,4495.778,1.3628
7,17d,4531.331,5.148,4536.479,1.3628
7,17e,2619.395,5.113,2624.508,1.5043
7,17f,2402.917,5.348,2408.265,1.483
7,18a,2216.573,6.008,2222.581,1.1353
7,18b,104.763,6.83,111.593,1.1232
7,18c,3062.562,6.163,3068.725,1.1355
7,19a,132.981,46.044,179.025,1.1173
7,19b,57.061,42.116,99.177,1.7473
7,19c,778.265,42.828,821.093,1.3091
7,19d,4156.454,40.37,4196.824,4.002
7,1a,44.11,2.578,46.688,1.1153
7,1b,38.803,2.302,41.105,1.1413
7,1c,40.498,2.241,42.739,1.08
7,1d,38.827,2.146,40.973,1.1386
7,20a,3392.911,25.184,3418.095,2.4675
7,20b,3557.273,25.389,3582.662,2.2299
7,20c,1800.892,24.84,1825.732,2.7368
7,21a,33.527,22.305,55.832,1.1729
7,21b,35.618,21.934,57.552,1.2087
7,21c,31.395,22.529,53.924,1.1575
7,22a,1488.125,59.977,1548.102,1.5147
7,22b,208.315,60.155,268.47,1.2851
7,22c,1180.965,60.13,1241.095,17.0075
7,22d,1176.949,59.622,1236.571,7.0564
7,23a,153.342,53.521,206.863,1.2838
7,23b,84.124,52.765,136.889,2.8313
7,23c,266.47,53.539,320.009,1.1957
7,24a,126.165,517.767,643.932,1.2482
7,24b,18.245,572.555,590.8,1.1689
7,25a,588.718,19.578,608.296,1.302
7,25b,145.203,20.585,165.788,1.4774
7,25c,4664.198,20.411,4684.609,2.5303
7,26a,703.339,463.323,1166.662,1.7804
7,26b,81.359,442.116,523.475,1.148
7,26c,1438.196,434.921,1873.117,5.9392
7,27a,11.0,498.712,509.712,1.7741
7,27b,6.468,487.666,494.134,1.0218
7,27c,76.768,512.769,589.537,2.5701
7,28a,186.742,702.752,889.494,2.593
7,28b,177.247,681.475,858.722,2.3758
7,28c,261.686,696.837,958.523,6.054
7,29a,22.814,1005.28,1028.094,3.2695
7,29b,11.664,989.402,1001.066,1.0465
7,29c,540.135,932.479,1472.614,11.7702
7,2a,187.807,1.938,189.745,1.5717
7,2b,182.121,2.219,184.34,1.6058
7,2c,14.218,2.274,16.492,1.3077
7,2d,278.003,1.901,279.904,1.6776
7,30a,260.295,519.247,779.542,1.5964
7,30b,137.666,568.736,706.402,1.9442
7,30c,893.518,488.806,1382.324,8.6419
7,31a,119.251,70.649,189.9,1.9296
7,31b,20.51,72.247,92.757,1.7008
7,31c,149.24,72.15,221.39,3.2347
7,32a,8.816,2.745,11.561,8.5705
7,32b,101.525,2.377,103.902,20.8392
7,33a,34.516,553.042,587.558,1.6224
7,33b,8.267,527.239,535.506,1.0477
7,33c,8.439,556.545,564.984,1.1933
7,3a,131.246,1.797,133.043,1.0383
7,3b,86.873,1.778,88.651,1.0383
7,3c,203.308,1.975,205.283,1.0383
7,4a,88.186,2.332,90.518,1.0321
7,4b,31.762,2.194,33.956,1.1108
7,4c,88.734,2.069,90.803,1.0471
7,5a,66.971,2.54,69.511,1.0188
7,5b,62.922,2.393,65.315,1.0187
7,5c,97.718,2.51,100.228,1.1148
7,6a,23.318,2.157,25.475,1.3924
7,6b,172.717,2.128,174.845,1.3458
7,6c,6.739,2.459,9.198,1.5107
7,6d,3180.39,2.54,3182.93,1.3649
7,6e,16.831,2.256,19.087,1.4028
7,6f,3659.926,2.015,3661.941,1.251
7,7a,129.658,10.99,140.648,1.0251
7,7b,175.999,9.677,185.676,1.0617
7,7c,2083.804,11.021,2094.825,1.0634
7,8a,934.883,6.578,941.461,1.1447
7,8b,55.499,7.258,62.757,1.2317
7,8c,2098.173,4.877,2103.05,1.4321
7,8d,688.645,5.363,694.008,1.9001
7,9a,160.079,13.273,173.352,1.141
7,9b,154.663,12.485,167.148,1.1423
7,9c,221.245,11.397,232.642,1.1409
7,9d,1438.095,11.449,1449.544,1.2854
8,10a,245.304,5.485,250.789,1.1767
8,10b,140.757,5.138,145.895,1.1267
8,10c,6978.428,4.901,6983.329,1.2058
8,11a,34.017,10.023,44.04,1.138
8,11b,37.4,9.599,46.999,1.2223
8,11c,81.609,9.363,90.972,2.707
8,11d,38.114,8.826,46.94,1.2012
8,12a,105.374,10.306,115.68,1.11
8,12b,39.95,9.678,49.628,1.0973
8,12c,418.353,11.02,429.373,1.1783
8,13a,256.199,13.901,270.1,1.1625
8,13b,145.234,15.958,161.192,1.2098
8,13c,104.773,15.792,120.565,1.6711
8,13d,833.675,13.852,847.527,1.1976
8,14a,242.638,9.846,252.484,1.2426
8,14b,110.522,10.217,120.739,1.2765
8,14c,405.026,9.886,414.912,1.2759
8,15a,159.157,22.045,181.202,1.1833
8,15b,20.123,22.953,43.076,1.0759
8,15c,599.178,21.559,620.737,1.132
8,15d,846.075,20.472,866.547,1.2068
8,16a,155.282,9.806,165.088,1.4141
8,16b,6651.895,8.606,6660.501,1.4203
8,16c,742.062,9.421,751.483,1.3158
8,16d,640.044,9.815,649.859,1.3865
8,17a,2317.587,5.375,2322.962,1.497
8,17b,4577.44,5.228,4582.668,1.3382
8,17c,4481.101,5.173,4486.274,1.3594
8,17d,4527.01,5.325,4532.335,1.3628
8,17e,2631.482,5.121,2636.603,1.5001
8,17f,2400.202,5.78,2405.982,1.4802
8,18a,2214.093,5.987,2220.08,1.1353
8,18b,104.476,6.968,111.444,1.1232
8,18c,3065.394,6.458,3071.852,1.1355
8,19a,134.715,45.798,180.513,1.1173
8,19b,55.892,41.849,97.741,1.2543
8,19c,1142.235,43.347,1185.582,1.3625
8,1a,43.719,2.568,46.287,1.1153
8,1b,39.213,2.256,41.469,1.1413
8,1c,40.606,2.228,42.834,1.08
8,1d,38.515,2.122,40.637,1.1386
8,20a,2547.622,24.943,2572.565,2.2791
8,20b,3545.657,25.679,3571.336,1.9231
8,20c,1874.146,25.053,1899.199,2.2744
8,21a,38.051,22.54,60.591,2.4504
8,21b,36.381,21.372,57.753,1.2087
8,21c,34.675,22.339,57.014,2.4092
8,22a,929.599,60.828,990.427,2.3047
8,22b,361.498,60.062,421.56,1.3033
8,22c,493.1,61.3,554.4,3.4937
8,22d,626.397,58.843,685.24,9.9168
8,23a,153.965,53.41,207.375,1.1747
8,23b,28.525,53.206,81.731,1.3712
8,23c,264.621,52.156,316.777,1.1694
8,24a,126.387,518.703,645.09,1.2482
8,24b,18.127,578.698,596.825,1.1442
8,25a,590.814,19.909,610.723,1.302
8,25b,143.754,20.906,164.66,1.3556
8,25c,1993.832,20.297,2014.129,1.3173
8,26a,351.815,467.065,818.88,3.1675
8,26b,87.904,443.139,531.043,1.7259
8,26c,1142.108,432.056,1574.164,2.189
8,27a,17.096,495.414,512.51,2.0175
8,27b,6.744,488.637,495.381,1.0218
8,27c,25.437,505.574,531.011,4.2271
8,28a,180.833,700.162,880.995,1.3552
8,28b,127.827,682.066,809.893,1.8082
8,28c,1471.643,698.844,2170.487,18.8021
8,29a,17.375,1003.004,1020.379,2.0538
8,29b,12.24,991.474,1003.714,1.008
8,29c,103.028,939.148,1042.176,11.1201
8,2a,185.383,1.913,187.296,1.5717
8,2b,182.188,2.245,184.433,1.6058
8,2c,14.123,2.249,16.372,1.3077
8,2d,274.158,1.901,276.059,1.6776
8,30a,477.711,517.316,995.027,2.3195
8,30b,1175.919,566.284,1742.203,1.9287
8,30c,2330.789,489.522,2820.311,3.1267
8,31a,119.599,71.979,191.578,2.914
8,31b,20.802,73.438,94.24,1.5642
8,31c,151.792,70.113,221.905,2.022
8,32a,8.781,2.735,11.516,9.736
8,32b,102.893,2.88,105.773,18.4361
8,33a,11.03,553.439,564.469,1.0802
8,33b,7.607,528.613,536.22,1.0399
8,33c,8.46,556.131,564.591,1.0157
8,3a,132.273,1.764,134.037,1.0383
8,3b,84.554,1.791,86.345,1.0383
8,3c,202.391,1.943,204.334,1.0383
8,4a,87.618,2.409,90.027,1.0321
8,4b,31.871,2.259,34.13,1.1108
8,4c,89.22,2.089,91.309,1.0471
8,5a,66.097,2.557,68.654,1.0188
8,5b,63.64,2.448,66.088,1.0187
8,5c,97.025,2.499,99.524,1.1148
8,6a,23.493,2.146,25.639,1.3965
8,6b,172.581,2.168,174.749,1.3518
8,6c,6.505,2.392,8.897,1.5066
8,6d,3171.5,2.325,3173.825,1.3591
8,6e,16.656,2.352,19.008,1.4072
8,6f,3660.924,2.027,3662.951,1.251
8,7a,129.603,11.053,140.656,1.0251
8,7b,178.183,10.043,188.226,1.0617
8,7c,2089.435,11.19,2100.625,1.0634
8,8a,935.586,6.422,942.008,1.1447
8,8b,55.555,7.518,63.073,1.2317
8,8c,2102.866,4.776,2107.642,1.4607
8,8d,694.311,5.329,699.64,1.8666
8,9a,158.998,13.313,172.311,1.141
8,9b,154.82,12.501,167.321,1.1423
8,9c,221.195,11.757,232.952,1.1409
8,9d,2018.224,11.416,2029.64,1.533
9,10a,243.473,5.561,249.034,1.1767
9,10b,141.579,5.295,146.874,1.1267
9,10c,6970.482,4.994,6975.476,1.2058
9,11a,33.775,9.963,43.738,1.138
9,11b,37.396,10.392,47.788,1.2223
9,11c,37.298,9.131,46.429,1.2316
9,11d,36.44,8.836,45.276,1.1917
9,12a,106.552,10.633,117.185,1.11
9,12b,39.946,10.014,49.96,1.0973
9,12c,418.885,10.443,429.328,1.1783
9,13a,255.336,13.938,269.274,1.1625
9,13b,144.922,16.105,161.027,1.2032
9,13c,105.957,15.424,121.381,1.6814
9,13d,834.024,14.048,848.072,1.1962
9,14a,243.775,9.95,253.725,1.2426
9,14b,110.219,10.3,120.519,1.2765
9,14c,407.552,9.708,417.26,1.2759
9,15a,160.434,22.198,182.632,1.1833
9,15b,19.938,22.653,42.591,1.0759
9,15c,599.044,21.351,620.395,1.132
9,15d,842.811,20.375,863.186,1.2068
9,16a,157.495,9.885,167.38,1.3576
9,16b,6607.791,8.786,6616.577,1.4203
9,16c,742.017,9.388,751.405,1.3158
9,16d,644.777,9.568,654.345,1.3865
9,17a,2316.816,5.545,2322.361,1.497
9,17b,4593.78,5.16,4598.94,1.3351
9,17c,4512.44,5.354,4517.794,1.3594
9,17d,4531.963,5.349,4537.312,1.3595
9,17e,2630.286,5.15,2635.436,1.5001
9,17f,2393.234,5.166,2398.4,1.4802
9,18a,2211.179,5.84,2217.019,1.1353
9,18b,105.3,7.033,112.333,1.1232
9,18c,3057.52,6.231,3063.751,1.1355
9,19a,133.057,45.645,178.702,1.1173
9,19b,55.11,41.894,97.004,1.6082
9,19c,4135.786,42.557,4178.343,10.6679
9,1a,45.082,2.561,47.643,1.1153
9,1b,38.849,2.256,41.105,1.1413
9,1c,40.9,2.249,43.149,1.08
9,1d,38.698,2.094,40.792,1.1386
9,20a,2624.356,25.102,2649.458,2.278
9,20b,694.561,25.71,720.271,1.1155
9,20c,1479.558,24.144,1503.702,2.503
9,21a,33.728,22.7,56.428,1.147
9,21b,36.373,21.705,58.078,1.2087
9,21c,32.396,22.622,55.018,1.16
9,22a,1171.994,61.34,1233.334,6.7948
9,22b,366.233,61.45,427.683,1.2815
9,22c,3318.412,60.043,3378.455,12.2075
9,22d,1489.454,60.785,1550.239,4.686
9,23a,153.94,53.817,207.757,1.0046
9,23b,29.151,53.467,82.618,1.0813
9,23c,265.131,52.839,317.97,1.029
9,24a,126.759,516.921,643.68,1.2383
9,24b,18.032,575.158,593.19,1.1442
9,25a,590.241,19.55,609.791,1.302
9,25b,143.986,20.9,164.886,1.2728
9,25c,1996.153,20.112,2016.265,1.3173
9,26a,622.633,465.459,1088.092,1.4892
9,26b,103.203,443.563,546.766,1.84
9,26c,1448.905,434.033,1882.938,4.8196
9,27a,29.634,495.486,525.12,3.5221
9,27b,7.261,487.639,494.9,1.0218
9,27c,83.58,496.173,579.753,15.2902
9,28a,632.242,725.759,1358.001,15.0143
9,28b,122.642,682.39,805.032,1.2554
9,28c,210.33,696.339,906.669,4.0679
9,29a,18.333,1013.191,1031.524,2.1909
9,29b,12.068,992.552,1004.62,1.008
9,29c,90.644,945.851,1036.495,9.4886
9,2a,189.614,1.912,191.526,1.5717
9,2b,182.097,2.248,184.345,1.6058
9,2c,13.93,2.239,16.169,1.3077
9,2d,274.01,1.881,275.891,1.6776
9,30a,367.627,520.388,888.015,1.9471
9,30b,135.875,570.139,706.014,1.551
9,30c,2220.507,488.946,2709.453,7.9415
9,31a,118.604,70.715,189.319,2.4044
9,31b,41.446,70.748,112.194,4.2962
9,31c,150.84,70.028,220.868,2.0387
9,32a,8.814,2.786,11.6,10.6248
9,32b,101.802,2.816,104.618,16.9998
9,33a,11.107,551.981,563.088,1.0657
9,33b,7.289,528.524,535.813,1.0399
9,33c,8.429,558.195,566.624,1.0157
9,3a,130.756,1.728,132.484,1.0383
9,3b,84.761,1.761,86.522,1.0383
9,3c,201.516,1.897,203.413,1.0383
9,4a,87.046,2.38,89.426,1.0321
9,4b,31.744,2.202,33.946,1.1108
9,4c,87.379,2.085,89.464,1.0471
9,5a,67.692,2.553,70.245,1.0188
9,5b,63.676,2.49,66.166,1.0187
9,5c,96.523,2.475,98.998,1.1148
9,6a,23.311,2.187,25.498,1.3985
9,6b,173.12,2.189,175.309,1.3575
9,6c,6.448,2.414,8.862,1.5045
9,6d,3170.954,2.143,3173.097,1.3591
9,6e,16.829,2.331,19.16,1.4072
9,6f,3666.935,2.052,3668.987,1.251
9,7a,129.838,10.968,140.806,1.0251
9,7b,178.617,9.947,188.564,1.0617
9,7c,2076.232,10.999,2087.231,1.0634
9,8a,934.382,6.408,940.79,1.1447
9,8b,55.84,7.594,63.434,1.2317
9,8c,2179.434,4.872,2184.306,1.4843
9,8d,694.776,5.265,700.041,1.8399
9,9a,157.707,13.214,170.921,1.141
9,9b,154.723,12.115,166.838,1.1423
9,9c,220.38,11.627,232.007,1.1409
9,9d,1578.49,11.001,1589.491,1.1751
10,10a,245.079,5.454,250.533,1.1767
10,10b,141.793,5.211,147.004,1.1267
10,10c,6974.099,4.953,6979.052,1.2058
10,11a,33.982,10.026,44.008,1.138
10,11b,37.556,9.5,47.056,1.2223
10,11c,37.568,9.073,46.641,1.2189
10,11d,36.504,8.8,45.304,1.1833
10,12a,107.342,10.377,117.719,1.11
10,12b,39.211,9.728,48.939,1.0973
10,12c,420.315,10.412,430.727,1.1783
10,13a,253.707,14.17,267.877,1.1526
10,13b,147.242,15.792,163.034,1.1983
10,13c,105.141,15.681,120.822,1.6852
10,13d,839.365,13.969,853.334,1.1949
10,14a,244.232,10.069,254.301,1.2426
10,14b,110.166,10.113,120.279,1.2765
10,14c,406.183,9.968,416.151,1.2759
10,15a,158.676,22.195,180.871,1.1833
10,15b,20.143,22.689,42.832,1.0759
10,15c,596.399,21.364,617.763,1.132
10,15d,845.274,20.304,865.578,1.1987
10,16a,155.866,9.895,165.761,1.3622
10,16b,6583.628,8.722,6592.35,1.4184
10,16c,739.074,9.398,748.472,1.3158
10,16d,642.578,9.762,652.34,1.3865
10,17a,2315.039,5.529,2320.568,1.4947
10,17b,4581.108,5.263,4586.371,1.3351
10,17c,4493.042,5.202,4498.244,1.3594
10,17d,4537.476,5.223,4542.699,1.3595
10,17e,2626.522,5.141,2631.663,1.4979
10,17f,2394.311,5.368,2399.679,1.4802
10,18a,2211.34,5.992,2217.332,1.1353
10,18b,104.176,7.051,111.227,1.1232
10,18c,3051.861,6.434,3058.295,1.1355
10,19a,131.643,46.043,177.686,1.1173
10,19b,56.794,42.213,99.007,1.1173
10,19c,810.227,43.497,853.724,1.1246
10,1a,43.601,2.651,46.252,1.1153
10,1b,38.715,2.183,40.898,1.1413
10,1c,40.506,2.202,42.708,1.08
10,1d,38.758,2.071,40.829,1.1386
10,20a,1622.18,25.184,1647.364,1.1121
10,20b,693.299,25.076,718.375,1.1148
10,20c,617.037,24.787,641.824,1.091
10,21a,33.291,22.295,55.586,1.147
10,21b,35.557,21.778,57.335,1.2087
10,21c,32.183,22.313,54.496,1.1572
10,22a,1115.188,60.691,1175.879,3.1643
10,22b,366.256,60.289,426.545,1.2815
10,22c,573.61,60.635,634.245,2.7971
10,22d,1666.174,59.331,1725.505,6.4958
10,23a,152.212,52.656,204.868,1.0039
10,23b,28.181,51.054,79.235,1.0731
10,23c,265.159,52.778,317.937,1.029
10,24a,126.722,517.731,644.453,1.208
10,24b,18.357,575.592,593.949,1.1424
10,25a,588.949,19.299,608.248,1.302
10,25b,144.489,20.772,165.261,1.2728
10,25c,1997.667,20.545,2018.212,1.3173
10,26a,406.673,462.475,869.148,6.4989
10,26b,87.758,442.6,530.358,1.3105
10,26c,3526.905,432.34,3959.245,2.111
10,27a,9.671,510.398,520.069,1.071
10,27b,7.33,487.906,495.236,1.0218
10,27c,62.319,509.422,571.741,2.1885
10,28a,457.848,724.252,1182.1,2.8182
10,28b,194.995,684.27,879.265,1.4445
10,28c,198.711,704.055,902.766,1.9213
10,29a,22.608,1014.075,1036.683,2.5834
10,29b,12.706,991.725,1004.431,1.008
10,29c,126.552,939.946,1066.498,3.1292
10,2a,188.703,1.936,190.639,1.5717
10,2b,180.963,2.23,183.193,1.6058
10,2c,14.291,2.267,16.558,1.3077
10,2d,274.967,1.906,276.873,1.6776
10,30a,796.388,522.057,1318.445,3.6572
10,30b,160.828,568.857,729.685,1.3357
10,30c,2284.254,487.497,2771.751,3.6111
10,31a,682.102,71.997,754.099,3.3655
10,31b,23.682,72.522,96.204,2.1019
10,31c,343.301,69.849,413.15,5.5118
10,32a,7.661,2.674,10.335,11.72
10,32b,106.33,3.768,110.098,15.5812
10,33a,10.87,549.566,560.436,1.0657
10,33b,7.214,529.454,536.668,1.0399
10,33c,8.154,556.282,564.436,1.0157
10,3a,129.91,1.688,131.598,1.0383
10,3b,85.631,1.737,87.368,1.0383
10,3c,202.474,1.853,204.327,1.0383
10,4a,87.696,2.414,90.11,1.0321
10,4b,31.623,2.288,33.911,1.1049
10,4c,88.06,2.079,90.139,1.0471
10,5a,67.758,2.585,70.343,1.0188
10,5b,63.47,2.42,65.89,1.0187
10,5c,97.364,2.424,99.788,1.1148
10,6a,23.474,2.168,25.642,1.4006
10,6b,172.297,2.067,174.364,1.3575
10,6c,6.645,2.466,9.111,1.5024
10,6d,3186.448,2.196,3188.644,1.3536
10,6e,16.778,2.368,19.146,1.4095
10,6f,3668.635,2.039,3670.674,1.251
10,7a,128.777,10.723,139.5,1.0251
10,7b,178.08,10.059,188.139,1.0617
10,7c,2080.077,10.959,2091.036,1.0634
10,8a,930.962,6.455,937.417,1.1447
10,8b,54.469,7.356,61.825,1.2317
10,8c,2163.644,4.865,2168.509,1.5037
10,8d,694.91,5.267,700.177,1.8185
10,9a,160.089,13.281,173.37,1.141
10,9b,153.735,12.512,166.247,1.1423
10,9c,220.605,11.458,232.063,1.1409
10,9d,1544.559,11.346,1555.905,1.1751
11,10a,244.488,5.514,250.002,1.1767
11,10b,139.88,5.189,145.069,1.1267
11,10c,6981.528,4.931,6986.459,1.2058
11,11a,33.668,9.974,43.642,1.138
11,11b,38.064,9.395,47.459,1.2223
11,11c,37.013,9.09,46.103,1.2074
11,11d,36.086,8.892,44.978,1.1757
11,12a,108.568,10.315,118.883,1.11
11,12b,39.843,9.967,49.81,1.0973
11,12c,418.974,10.555,429.529,1.1783
11,13a,253.683,14.226,267.909,1.1526
11,13b,145.784,16.176,161.96,1.1936
11,13c,105.33,15.337,120.667,1.692
11,13d,836.576,14.115,850.691,1.1924
11,14a,243.736,9.601,253.337,1.2426
11,14b,112.081,9.881,121.962,1.2765
11,14c,563.418,10.02,573.438,1.2943
11,15a,160.995,22.309,183.304,1.1833
11,15b,20.085,22.92,43.005,1.0759
11,15c,596.864,21.494,618.358,1.132
11,15d,843.958,20.377,864.335,1.1987
11,16a,157.167,9.914,167.081,1.3622
11,16b,6595.247,8.876,6604.123,1.4164
11,16c,742.782,9.247,752.029,1.3158
11,16d,641.988,9.745,651.733,1.3865
11,17a,2317.204,5.439,2322.643,1.4923
11,17b,4574.208,5.203,4579.411,1.3351
11,17c,4479.85,5.193,4485.043,1.3594
11,17d,4557.961,5.171,4563.132,1.3595
11,17e,2625.847,5.173,2631.02,1.4956
11,17f,2395.814,5.496,2401.31,1.4802
11,18a,2211.425,5.76,2217.185,1.1353
11,18b,106.081,6.957,113.038,1.1232
11,18c,3058.776,6.289,3065.065,1.1355
11,19a,132.842,46.608,179.45,1.1173
11,19b,56.876,41.609,98.485,1.1173
11,19c,1130.614,43.385,1173.999,1.1246
11,1a,43.185,2.575,45.76,1.1153
11,1b,39.188,3.274,42.462,1.1413
11,1c,40.474,2.219,42.693,1.08
11,1d,38.854,2.06,40.914,1.1386
11,20a,1622.875,24.83,1647.705,1.1116
11,20b,696.248,24.834,721.082,1.1142
11,20c,618.685,24.755,643.44,1.0903
11,21a,34.026,22.483,56.509,1.147
11,21b,34.726,21.701,56.427,1.2087
11,21c,32.769,22.348,55.117,1.1563
11,22a,1128.716,59.784,1188.5,5.297
11,22b,209.302,59.652,268.954,1.2688
11,22c,732.252,61.21,793.462,4.8787
11,22d,551.746,58.079,609.825,2.5347
11,23a,153.093,53.41,206.503,1.0035
11,23b,28.24,51.344,79.584,1.0632
11,23c,266.095,52.952,319.047,1.0286
11,24a,125.207,517.915,643.122,1.208
11,24b,17.974,576.583,594.557,1.1401
11,25a,592.441,19.63,612.071,1.302
11,25b,144.842,20.535,165.377,1.2495
11,25c,1998.142,20.377,2018.519,1.3173
11,26a,331.873,465.329,797.202,1.3173
11,26b,97.252,441.077,538.329,3.0466
11,26c,689.159,435.015,1124.174,1.2414
11,27a,13.339,510.898,524.237,1.3209
11,27b,7.23,488.973,496.203,1.0218
11,27c,82.924,498.421,581.345,2.0726
11,28a,290.63,721.695,1012.325,1.8487
11,28b,123.891,684.625,808.516,1.555
11,28c,3048.714,699.469,3748.183,7.3333
11,29a,18.511,1010.061,1028.572,1.0132
11,29b,12.753,993.293,1006.046,1.008
11,29c,89.797,937.226,1027.023,3.3826
11,2a,189.442,2.04,191.482,1.5717
11,2b,182.563,2.256,184.819,1.6058
11,2c,14.299,2.258,16.557,1.3077
11,2d,275.358,1.922,277.28,1.6776
11,30a,1358.005,518.836,1876.841,2.3519
11,30b,163.774,565.018,728.792,1.6361
11,30c,611.309,501.56,1112.869,3.8088
11,31a,158.902,72.799,231.701,1.9672
11,31b,22.056,72.653,94.709,2.422
11,31c,229.537,72.257,301.794,1.9627
11,32a,8.755,2.795,11.55,12.5798
11,32b,102.298,2.765,105.063,14.7184
11,33a,11.12,551.169,562.289,1.0578
11,33b,7.437,527.914,535.351,1.0399
11,33c,8.261,557.136,565.397,1.0157
11,3a,131.023,1.645,132.668,1.0383
11,3b,86.682,1.842,88.524,1.0383
11,3c,202.612,26.569,229.181,1.0383
11,4a,88.97,2.362,91.332,1.0321
11,4b,31.847,2.18,34.027,1.1049
11,4c,88.487,2.07,90.557,1.0471
11,5a,66.554,2.535,69.089,1.0188
11,5b,63.412,2.409,65.821,1.0187
11,5c,97.352,2.465,99.817,1.1148
11,6a,23.433,2.207,25.64,1.4006
11,6b,172.152,2.125,174.277,1.363
11,6c,6.58,2.49,9.07,1.5024
11,6d,3168.631,2.172,3170.803,1.3536
11,6e,16.832,2.423,19.255,1.4118
11,6f,3659.582,2.034,3661.616,1.251
11,7a,129.195,10.889,140.084,1.0251
11,7b,177.912,9.904,187.816,1.0617
11,7c,2085.16,11.2,2096.36,1.0634
11,8a,934.678,6.431,941.109,1.1447
11,8b,55.478,7.556,63.034,1.1825
11,8c,2258.402,4.725,2263.127,1.6112
11,8d,689.488,5.265,694.753,1.8014
11,9a,158.86,13.257,172.117,1.141
11,9b,154.25,12.591,166.841,1.1423
11,9c,223.048,11.28,234.328,1.1409
11,9d,1518.42,11.33,1529.75,1.1751
12,10a,244.916,5.44,250.356,1.1767
12,10b,141.792,5.313,147.105,1.1267
12,10c,6984.808,5.018,6989.826,1.2058
12,11a,33.81,9.929,43.739,1.138
12,11b,37.796,9.509,47.305,1.2223
12,11c,36.895,9.206,46.101,1.1974
12,11d,36.412,8.887,45.299,1.1689
12,12a,107.944,10.36,118.304,1.11
12,12b,40.212,9.833,50.045,1.0973
12,12c,416.491,10.128,426.619,1.1783
12,13a,252.772,13.982,266.754,1.1526
12,13b,144.952,16.118,161.07,1.1909
12,13c,105.262,15.454,120.716,1.695
12,13d,841.254,13.965,855.219,1.1912
12,14a,245.14,10.068,255.208,1.2426
12,14b,110.967,10.192,121.159,1.2765
12,14c,405.93,9.638,415.568,1.2759
12,15a,160.247,22.16,182.407,1.1833
12,15b,20.026,22.69,42.716,1.0759
12,15c,600.226,21.276,621.502,1.132
12,15d,843.945,20.406,864.351,1.1918
12,16a,158.41,9.978,168.388,1.3622
12,16b,6603.445,8.664,6612.109,1.4144
12,16c,738.504,9.411,747.915,1.3158
12,16d,643.058,9.76,652.818,1.3865
12,17a,2307.359,5.44,2312.799,1.4899
12,17b,4579.521,5.302,4584.823,1.3351
12,17c,4483.024,5.297,4488.321,1.3594
12,17d,4547.04,5.258,4552.298,1.3595
12,17e,2622.764,5.267,2628.031,1.4933
12,17f,2392.125,5.371,2397.496,1.4802
12,18a,2210.648,6.094,2216.742,1.1353
12,18b,105.888,7.004,112.892,1.1232
12,18c,3060.927,6.218,3067.145,1.1355
12,19a,133.112,46.415,179.527,1.1173
12,19b,55.585,42.216,97.801,1.104
12,19c,1077.846,43.764,1121.61,1.1246
12,1a,43.395,2.622,46.017,1.1153
12,1b,39.051,2.216,41.267,1.1413
12,1c,40.554,2.242,42.796,1.08
12,1d,38.888,2.12,41.008,1.1386
12,20a,1629.626,25.13,1654.756,1.1116
12,20b,695.418,25.276,720.694,1.1135
12,20c,619.316,25.515,644.831,1.0893
12,21a,34.358,22.555,56.913,1.147
12,21b,35.729,21.437,57.166,1.2087
12,21c,32.249,21.786,54.035,1.1556
12,22a,1962.357,60.628,2022.985,4.1476
12,22b,207.467,60.462,267.929,1.2688
12,22c,946.482,63.378,1009.86,5.2365
12,22d,4603.634,59.846,4663.48,9.748
12,23a,155.636,54.066,209.702,1.0031
12,23b,28.567,52.922,81.489,1.0632
12,23c,265.565,53.408,318.973,1.0286
12,24a,126.391,519.96,646.351,1.208
12,24b,17.984,571.97,589.954,1.1401
12,25a,589.595,20.092,609.687,1.302
12,25b,144.713,20.67,165.383,1.2495
12,25c,1999.513,20.372,2019.885,1.3173
12,26a,357.869,467.814,825.683,3.6272
12,26b,79.633,445.196,524.829,1.4638
12,26c,750.005,434.137,1184.142,1.4476
12,27a,21.291,506.799,528.09,1.5458
12,27b,7.293,487.988,495.281,1.0218
12,27c,102.056,497.477,599.533,3.9498
12,28a,285.371,723.118,1008.489,1.3999
12,28b,124.35,682.658,807.008,1.22
12,28c,352.056,696.346,1048.402,1.9096
12,29a,19.509,1010.349,1029.858,1.0128
12,29b,12.107,992.885,1004.992,1.008
12,29c,6555.567,939.129,7494.696,13.5509
12,2a,186.272,2.218,188.49,1.5717
12,2b,181.389,2.223,183.612,1.6058
12,2c,14.152,2.235,16.387,1.3077
12,2d,276.46,1.919,278.379,1.6776
12,30a,475.262,519.588,994.85,1.254
12,30b,161.18,567.988,729.168,1.2541
12,30c,1456.527,501.719,1958.246,1.74
12,31a,158.699,71.903,230.602,1.9742
12,31b,23.801,72.633,96.434,2.3248
12,31c,236.908,73.148,310.056,1.9724
12,32a,8.532,2.677,11.209,13.1834
12,32b,104.719,2.905,107.624,14.1281
12,33a,9.598,550.803,560.401,1.7098
12,33b,7.761,529.018,536.779,1.0399
12,33c,8.155,558.905,567.06,1.0157
12,3a,130.867,1.776,132.643,1.0383
12,3b,85.186,1.762,86.948,1.0383
12,3c,201.597,1.887,203.484,1.0383
12,4a,87.932,2.366,90.298,1.0321
12,4b,31.841,2.286,34.127,1.1049
12,4c,88.768,2.02,90.788,1.0471
12,5a,67.548,2.543,70.091,1.0188
12,5b,63.105,2.394,65.499,1.0187
12,5c,97.435,2.475,99.91,1.1148
12,6a,23.352,2.212,25.564,1.4028
12,6b,173.513,2.175,175.688,1.3683
12,6c,6.54,2.385,8.925,1.5002
12,6d,3172.612,2.693,3175.305,1.3484
12,6e,16.998,2.351,19.349,1.4118
12,6f,3665.173,2.044,3667.217,1.2491
12,7a,128.847,11.035,139.882,1.0251
12,7b,177.383,9.997,187.38,1.0617
12,7c,2081.698,11.247,2092.945,1.0634
12,8a,936.041,6.471,942.512,1.1447
12,8b,55.391,7.497,62.888,1.1825
12,8c,2079.106,4.88,2083.986,1.5325
12,8d,694.276,5.29,699.566,1.7876
12,9a,166.763,13.248,180.011,1.141
12,9b,154.492,12.643,167.135,1.1423
12,9c,222.002,11.577,233.579,1.1409
12,9d,1546.88,11.34,1558.22,1.1751
13,10a,244.287,5.404,249.691,1.1767
13,10b,142.595,5.167,147.762,1.1267
13,10c,6983.615,5.059,6988.674,1.2058
13,11a,34.132,9.892,44.024,1.138
13,11b,37.768,10.126,47.894,1.2223
13,11c,37.475,9.151,46.626,1.1883
13,11d,36.747,8.633,45.38,1.1629
13,12a,107.901,10.549,118.45,1.11
13,12b,39.641,9.949,49.59,1.0973
13,12c,418.235,10.514,428.749,1.1783
13,13a,253.628,14.164,267.792,1.1526
13,13b,146.231,15.748,161.979,1.1892
13,13c,105.907,15.368,121.275,1.6977
13,13d,838.313,13.841,852.154,1.19
13,14a,243.275,9.84,253.115,1.2426
13,14b,111.203,9.899,121.102,1.2765
13,14c,406.839,9.616,416.455,1.2759
13,15a,159.281,21.463,180.744,1.1833
13,15b,19.848,22.769,42.617,1.0759
13,15c,598.866,21.462,620.328,1.132
13,15d,845.373,20.538,865.911,1.1709
13,16a,156.384,9.702,166.086,1.3622
13,16b,6582.556,8.59,6591.146,1.4144
13,16c,740.392,9.558,749.95,1.3158
13,16d,641.541,9.507,651.048,1.3865
13,17a,2311.723,5.581,2317.304,1.4899
13,17b,4572.373,5.194,4577.567,1.3351
13,17c,4488.084,5.252,4493.336,1.3594
13,17d,4558.747,5.291,4564.038,1.3595
13,17e,2620.152,5.276,2625.428,1.4933
13,17f,2390.73,5.263,2395.993,1.4802
13,18a,2213.263,5.989,2219.252,1.1353
13,18b,105.401,7.083,112.484,1.1232
13,18c,3063.789,6.215,3070.004,1.1355
13,19a,131.609,46.371,177.98,1.1173
13,19b,55.946,42.268,98.214,1.104
13,19c,1083.103,43.528,1126.631,1.1246
13,1a,43.428,2.632,46.06,1.1153
13,1b,38.953,2.31,41.263,1.1413
13,1c,40.788,2.236,43.024,1.08
13,1d,38.515,2.086,40.601,1.1386
13,20a,1634.124,25.244,1659.368,1.1111
13,20b,693.605,25.436,719.041,1.1129
13,20c,617.318,24.609,641.927,1.0886
13,21a,34.433,22.623,57.056,1.147
13,21b,35.109,21.462,56.571,1.2087
13,21c,145.712,22.352,168.064,11.3841
13,22a,463.203,60.692,523.895,2.2562
13,22b,747.185,58.747,805.932,1.2815
13,22c,304.455,61.9,366.355,2.5965
13,22d,346.455,60.312,406.767,3.6434
13,23a,153.06,53.29,206.35,1.0031
13,23b,28.622,51.864,80.486,1.0505
13,23c,265.106,51.968,317.074,1.0286
13,24a,125.899,519.42,645.319,1.208
13,24b,17.851,574.705,592.556,1.1308
13,25a,589.458,19.75,609.208,1.302
13,25b,144.256,20.933,165.189,1.2495
13,25c,1995.452,20.194,2015.646,1.3173
13,26a,289.105,465.733,754.838,1.1094
13,26b,195.423,442.554,637.977,6.7237
13,26c,1017.09,434.626,1451.716,2.3281
13,27a,118.724,511.453,630.177,27.2653
13,27b,7.781,486.226,494.007,1.0218
13,27c,19.78,500.844,520.624,1.3939
13,28a,358.362,714.402,1072.764,7.3904
13,28b,206.731,682.602,889.333,1.4799
13,28c,299.84,703.921,1003.761,1.565
13,29a,19.727,1015.196,1034.923,1.0117
13,29b,11.757,998.717,1010.474,1.008
13,29c,1902.535,936.363,2838.898,21.0059
13,2a,187.004,1.915,188.919,1.5717
13,2b,182.418,2.272,184.69,1.6058
13,2c,14.237,2.225,16.462,1.3077
13,2d,273.699,1.926,275.625,1.6776
13,30a,474.039,519.807,993.846,1.254
13,30b,160.825,567.096,727.921,1.2541
13,30c,891.151,500.628,1391.779,2.0934
13,31a,224.621,73.22,297.841,2.9782
13,31b,37.447,73.962,111.409,2.2884
13,31c,135.071,71.885,206.956,2.298
13,32a,8.671,2.678,11.349,13.7288
13,32b,102.568,2.912,105.48,13.6295
13,33a,9.701,550.45,560.151,1.0665
13,33b,7.758,529.01,536.768,1.0399
13,33c,8.52,557.825,566.345,1.0157
13,3a,131.334,1.788,133.122,1.0383
13,3b,86.055,1.739,87.794,1.0383
13,3c,201.15,1.929,203.079,1.0383
13,4a,88.426,4.054,92.48,1.0321
13,4b,31.824,2.302,34.126,1.1049
13,4c,88.988,2.094,91.082,1.0471
13,5a,67.615,2.532,70.147,1.0188
13,5b,63.57,2.494,66.064,1.0187
13,5c,97.264,2.432,99.696,1.1148
13,6a,23.187,2.2,25.387,1.4028
13,6b,173.701,2.181,175.882,1.3683
13,6c,6.535,2.443,8.978,1.5002
13,6d,3166.901,2.403,3169.304,1.3484
13,6e,16.766,2.283,19.049,1.4118
13,6f,3656.447,1.997,3658.444,1.2491
13,7a,130.403,10.842,141.245,1.0251
13,7b,176.414,9.709,186.123,1.0617
13,7c,2091.965,11.096,2103.061,1.0634
13,8a,935.922,6.604,942.526,1.1447
13,8b,55.931,7.462,63.393,1.1825
13,8c,2120.973,4.891,2125.864,1.5432
13,8d,693.801,5.221,699.022,1.7766
13,9a,158.422,12.798,171.22,1.141
13,9b,154.351,12.185,166.536,1.1423
13,9c,221.039,11.592,232.631,1.1409
13,9d,1537.315,11.108,1548.423,1.1751
14,10a,244.083,5.555,249.638,1.1767
14,10b,141.236,5.097,146.333,1.1267
14,10c,6977.089,4.977,6982.066,1.2058
14,11a,33.543,9.785,43.328,1.138
14,11b,36.73,9.372,46.102,1.2223
14,11c,36.556,9.044,45.6,1.1803
14,11d,35.183,8.921,44.104,1.1576
14,12a,107.561,10.389,117.95,1.11
14,12b,39.539,9.949,49.488,1.0973
14,12c,418.336,10.43,428.766,1.1783
14,13a,253.32,13.959,267.279,1.1526
14,13b,144.603,15.891,160.494,1.1861
14,13c,103.583,15.531,119.114,1.7013
14,13d,837.381,13.693,851.074,1.1888
14,14a,245.006,9.893,254.899,1.2426
14,14b,111.008,9.964,120.972,1.2765
14,14c,562.207,9.802,572.009,1.2943
14,15a,158.532,22.169,180.701,1.1833
14,15b,20.014,22.722,42.736,1.0759
14,15c,598.227,21.615,619.842,1.132
14,15d,843.412,20.169,863.581,1.165
14,16a,156.172,9.822,165.994,1.3622
14,16b,6603.155,8.795,6611.95,1.4123
14,16c,738.02,9.073,747.093,1.3158
14,16d,642.053,9.78,651.833,1.3865
14,17a,2314.597,5.372,2319.969,1.4874
14,17b,4578.374,5.196,4583.57,1.3351
14,17c,4478.502,5.182,4483.684,1.3594
14,17d,4541.933,5.418,4547.351,1.3595
14,17e,2631.36,5.275,2636.635,1.4909
14,17f,2396.117,5.367,2401.484,1.4802
14,18a,2213.765,5.954,2219.719,1.1353
14,18b,105.56,7.004,112.564,1.1232
14,18c,3059.089,6.39,3065.479,1.1355
14,19a,132.487,46.132,178.619,1.1173
14,19b,56.366,41.968,98.334,1.104
14,19c,1106.816,43.799,1150.615,1.1246
14,1a,43.769,2.574,46.343,1.1153
14,1b,38.924,2.263,41.187,1.1413
14,1c,40.072,2.232,42.304,1.08
14,1d,38.477,2.137,40.614,1.1386
14,20a,1628.839,25.049,1653.888,1.1106
14,20b,692.028,25.475,717.503,1.1126
14,20c,622.962,24.179,647.141,1.088
14,21a,34.35,22.695,57.045,1.147
14,21b,35.507,21.71,57.217,1.2087
14,21c,31.581,22.697,54.278,1.3988
14,22a,414.795,61.173,475.968,5.2467
14,22b,1362.413,60.497,1422.91,1.2954
14,22c,305.949,62.602,368.551,1.6726
14,22d,685.1,61.47,746.57,2.0982
14,23a,153.325,51.89,205.215,1.0027
14,23b,27.836,51.752,79.588,1.0505
14,23c,271.468,52.112,323.58,1.0286
14,24a,126.53,517.961,644.491,1.208
14,24b,18.134,577.524,595.658,1.1308
14,25a,590.218,19.647,609.865,1.302
14,25b,144.085,20.716,164.801,1.2495
14,25c,1994.293,20.49,2014.783,1.3173
14,26a,635.848,465.975,1101.823,4.5374
14,26b,84.351,444.688,529.039,1.7284
14,26c,16113.621,435.627,16549.248,3.0124
14,27a,157.43,513.666,671.096,1.684
14,27b,7.567,487.482,495.049,1.0218
14,27c,41.072,516.25,557.322,2.0138
14,28a,261.291,701.77,963.061,1.7839
14,28b,180.151,684.638,864.789,2.3964
14,28c,719.446,693.239,1412.685,4.4826
14,29a,19.917,1009.337,1029.254,1.0115
14,29b,12.395,992.887,1005.282,1.008
14,29c,93.315,938.065,1031.38,3.2967
14,2a,185.204,1.974,187.178,1.5717
14,2b,180.691,2.247,182.938,1.6058
14,2c,14.26,2.202,16.462,1.3077
14,2d,275.557,1.881,277.438,1.6776
14,30a,478.106,519.546,997.652,1.254
14,30b,159.25,566.771,726.021,1.2541
14,30c,833.721,504.636,1338.357,1.7451
14,31a,132.415,72.566,204.981,1.279
14,31b,21.319,73.768,95.087,1.9169
14,31c,140.322,73.072,213.394,1.1289
14,32a,8.485,2.718,11.203,14.3748
14,32b,104.037,2.419,106.456,13.2763
14,33a,11.008,552.78,563.788,1.0399
14,33b,7.401,529.131,536.532,1.0399
14,33c,8.263,556.967,565.23,1.0157
14,3a,129.238,1.734,130.972,1.0383
14,3b,86.146,1.837,87.983,1.0383
14,3c,202.436,1.914,204.35,1.0383
14,4a,86.023,2.395,88.418,1.0321
14,4b,31.924,2.199,34.123,1.1049
14,4c,88.578,2.062,90.64,1.0471
14,5a,67.451,2.6,70.051,1.0188
14,5b,63.565,2.481,66.046,1.0187
14,5c,97.119,2.399,99.518,1.1148
14,6a,23.23,2.175,25.405,1.4028
14,6b,172.642,2.18,174.822,1.3683
14,6c,6.623,2.394,9.017,1.5002
14,6d,3189.947,2.16,3192.107,1.3484
14,6e,16.922,2.423,19.345,1.4118
14,6f,3663.942,2.034,3665.976,1.2491
14,7a,128.854,11.073,139.927,1.0251
14,7b,179.323,9.813,189.136,1.0617
14,7c,2088.402,11.143,2099.545,1.0628
14,8a,933.307,6.444,939.751,1.1447
14,8b,55.242,7.462,62.704,1.1825
14,8c,2117.174,4.766,2121.94,1.5518
14,8d,693.793,5.329,699.122,1.7677
14,9a,159.04,13.305,172.345,1.141
14,9b,154.508,12.115,166.623,1.1423
14,9c,221.153,11.499,232.652,1.1409
14,9d,1490.824,11.368,1502.192,1.1751
15,10a,244.826,5.466,250.292,1.1767
15,10b,141.348,5.246,146.594,1.1267
15,10c,6985.1,4.819,6989.919,1.2058
15,11a,33.891,9.693,43.584,1.138
15,11b,37.941,9.486,47.427,1.2223
15,11c,36.498,9.202,45.7,1.1729
15,11d,35.453,8.909,44.362,1.1526
15,12a,106.222,10.162,116.384,1.11
15,12b,39.448,9.886,49.334,1.0973
15,12c,417.663,10.555,428.218,1.1783
15,13a,251.566,14.397,265.963,1.1526
15,13b,144.716,16.322,161.038,1.1845
15,13c,104.999,15.618,120.617,1.7035
15,13d,820.561,13.953,834.514,1.1788
15,14a,242.942,9.819,252.761,1.2426
15,14b,109.943,10.029,119.972,1.2765
15,14c,405.959,9.911,415.87,1.2759
15,15a,159.494,22.359,181.853,1.1833
15,15b,19.387,22.372,41.759,1.0759
15,15c,600.224,21.522,621.746,1.132
15,15d,845.034,20.264,865.298,1.165
15,16a,155.326,9.829,165.155,1.3622
15,16b,6601.535,8.834,6610.369,1.4123
15,16c,736.741,9.302,746.043,1.3158
15,16d,642.558,9.741,652.299,1.3865
15,17a,2312.103,6.93,2319.033,1.4874
15,17b,4584.853,5.329,4590.182,1.3351
15,17c,4520.305,5.308,4525.613,1.3594
15,17d,4543.863,5.365,4549.228,1.3595
15,17e,2624.95,5.162,2630.112,1.4909
15,17f,2398.677,5.303,2403.98,1.4802
15,18a,2216.042,6.009,2222.051,1.1353
15,18b,106.108,7.01,113.118,1.1232
15,18c,3064.863,6.384,3071.247,1.1355
15,19a,132.784,44.734,177.518,1.1173
15,19b,54.898,41.677,96.575,1.104
15,19c,1150.862,43.773,1194.635,1.1246
15,1a,42.984,2.642,45.626,1.1153
15,1b,39.205,2.135,41.34,1.1413
15,1c,39.873,2.206,42.079,1.08
15,1d,38.735,2.066,40.801,1.1386
15,20a,1623.388,25.276,1648.664,1.1106
15,20b,690.875,24.733,715.608,1.112
15,20c,620.656,24.747,645.403,1.0873
15,21a,33.795,22.648,56.443,1.1364
15,21b,34.903,21.728,56.631,1.2087
15,21c,31.965,22.416,54.381,1.398
15,22a,474.512,59.456,533.968,1.8149
15,22b,751.767,61.455,813.222,1.2815
15,22c,305.167,61.013,366.18,1.3428
15,22d,4355.284,60.45,4415.734,2.2951
15,23a,153.725,54.277,208.002,1.0024
15,23b,28.283,52.446,80.729,1.0505
15,23c,266.246,52.837,319.083,1.0286
15,24a,126.496,516.79,643.286,1.208
15,24b,17.81,576.878,594.688,1.1289
15,25a,591.688,19.833,611.521,1.302
15,25b,144.118,20.751,164.869,1.2495
15,25c,1996.804,20.581,2017.385,1.3173
15,26a,391.103,465.44,856.543,1.2534
15,26b,93.764,446.049,539.813,1.1305
15,26c,681.725,443.271,1124.996,1.0694
15,27a,35.35,511.019,546.369,1.6543
15,27b,32.068,489.139,521.207,4.1462
15,27c,24.667,513.618,538.285,1.79
15,28a,791.445,705.413,1496.858,3.6789
15,28b,708.588,682.059,1390.647,2.6788
15,28c,473.277,704.115,1177.392,4.8339
15,29a,19.344,1007.676,1027.02,1.0111
15,29b,11.78,994.491,1006.271,1.008
15,29c,132.404,946.886,1079.29,6.6386
15,2a,186.51,1.967,188.477,1.5717
15,2b,182.481,2.288,184.769,1.6058
15,2c,14.235,2.231,16.466,1.3077
15,2d,274.36,1.918,276.278,1.6776
15,30a,477.599,519.304,996.903,1.28
15,30b,161.398,568.036,729.434,1.2378
15,30c,1175.739,499.845,1675.584,4.1262
15,31a,130.955,72.2,203.155,1.2485
15,31b,21.13,72.783,93.913,1.7011
15,31c,136.872,72.426,209.298,1.1315
15,32a,8.691,2.764,11.455,14.7848
15,32b,102.196,2.444,104.64,12.9839
15,33a,11.083,555.51,566.593,1.0399
15,33b,7.289,528.5,535.789,1.026
15,33c,8.182,558.294,566.476,1.0157
15,3a,131.424,1.739,133.163,1.0383
15,3b,85.83,1.818,87.648,1.0383
15,3c,202.65,1.849,204.499,1.0383
15,4a,87.137,2.407,89.544,1.0321
15,4b,31.718,2.253,33.971,1.1049
15,4c,88.774,2.076,90.85,1.0471
15,5a,65.904,2.529,68.433,1.0188
15,5b,63.68,2.395,66.075,1.0187
15,5c,95.525,2.49,98.015,1.1148
15,6a,23.241,2.096,25.337,1.4028
15,6b,172.826,2.15,174.976,1.3734
15,6c,6.543,2.429,8.972,1.5002
15,6d,3175.421,2.897,3178.318,1.3434
15,6e,16.951,2.355,19.306,1.4118
15,6f,3661.678,2.103,3663.781,1.2491
15,7a,129.242,11.066,140.308,1.0251
15,7b,176.946,10.006,186.952,1.0617
15,7c,2085.597,11.022,2096.619,1.0628
15,8a,933.658,6.589,940.247,1.1447
15,8b,55.471,7.477,62.948,1.1825
15,8c,2162.003,4.873,2166.876,1.5588
15,8d,700.567,5.347,705.914,1.7605
15,9a,159.749,13.297,173.046,1.141
15,9b,154.954,12.23,167.184,1.1423
15,9c,222.784,11.392,234.176,1.1409
15,9d,1539.434,11.355,1550.789,1.1751
